{
    "四道口路": {
        "description": "四道口路：自北向南畅通；自南向北轻微拥堵；南向西,学院南路附近拥堵。",
        "speed": 10.82,
        "node_coo": [
            [
                39.9568857,
                116.3400019
            ],
            [
                39.9609252,
                116.3371955
            ],
            [
                39.9635553,
                116.3330823
            ],
            [
                39.9660557,
                116.3326339
            ],
            [
                39.9617377,
                116.3361479
            ],
            [
                39.9627563,
                116.3344282
            ]
        ]
    },
    "学院路": {
        "description": "学院路：双向畅通；北向南,学知桥附近拥堵。",
        "speed": 17.78,
        "node_coo": [
            [
                39.9778828,
                116.3480056
            ],
            [
                39.9919443,
                116.3471011
            ],
            [
                39.9857271,
                116.3473717
            ],
            [
                39.9837881,
                116.3476397
            ],
            [
                39.9877523,
                116.3472767
            ],
            [
                39.9920384,
                116.3470967
            ],
            [
                39.9753197,
                116.3481176
            ],
            [
                39.9773237,
                116.3480282
            ],
            [
                39.9781062,
                116.3478337
            ],
            [
                39.98281,
                116.3476876
            ],
            [
                39.9906657,
                116.3471364
            ],
            [
                39.9800945,
                116.3478585
            ],
            [
                39.9802336,
                116.3478515
            ],
            [
                39.972807,
                116.3481478
            ],
            [
                39.9791062,
                116.3477917
            ],
            [
                39.979249,
                116.3479015
            ],
            [
                39.9756417,
                116.3481111
            ],
            [
                39.9800223,
                116.3478622
            ],
            [
                39.9804556,
                116.3478473
            ],
            [
                39.9807533,
                116.3476957
            ],
            [
                39.9752192,
                116.3481255
            ],
            [
                39.9850363,
                116.3475933
            ],
            [
                39.9852797,
                116.3473973
            ],
            [
                39.9833609,
                116.3475006
            ]
        ]
    }
}