{
    "北四环西路": {
        "description": "北四环西路：双向畅通；西向东,万泉河桥附近拥堵。",
        "speed": 24.68,
        "node_coo": [
            [
                39.984972,
                116.3270388
            ],
            [
                39.984837,
                116.324022
            ],
            [
                39.9850285,
                116.3284589
            ],
            [
                39.9851812,
                116.3316754
            ],
            [
                39.9852441,
                116.3334491
            ],
            [
                39.9847369,
                116.321115
            ],
            [
                39.9841569,
                116.3186011
            ],
            [
                39.9849791,
                116.3271771
            ],
            [
                39.984223,
                116.3211279
            ],
            [
                39.9849662,
                116.3269155
            ]
        ]
    },
    "北三环中路": {
        "description": "北三环中路：双向畅通；西向东,从安华桥到安贞桥拥堵；西向东,从马甸桥到安华桥拥堵。",
        "speed": 30.15,
        "node_coo": [
            [
                39.9661836,
                116.3497639
            ],
            [
                39.9665171,
                116.3496731
            ],
            [
                39.9661735,
                116.3466019
            ],
            [
                39.9665093,
                116.3467493
            ]
        ]
    },
    "中关村北大街": {
        "description": "中关村北大街：自北向南拥堵；自南向北畅通；北向南,从滨河路到中关村北大街辅路路口拥堵。",
        "speed": 9.73,
        "node_coo": [
            [
                39.9889315,
                116.3099356
            ],
            [
                39.9844495,
                116.3102652
            ],
            [
                39.9957988,
                116.3092875
            ],
            [
                39.9871333,
                116.3100721
            ],
            [
                39.9864894,
                116.3101131
            ],
            [
                39.9907458,
                116.309791
            ],
            [
                39.9979528,
                116.3091142
            ],
            [
                39.9985965,
                116.3091413
            ],
            [
                39.9908406,
                116.309801
            ],
            [
                39.998596,
                116.3089938
            ],
            [
                39.9908058,
                116.3096421
            ]
        ]
    },
    "北四环西路辅路": {
        "description": "北四环西路辅路：双向畅通；东向西,海淀三山五园绿道附近拥堵。",
        "speed": 12.92,
        "node_coo": [
            [
                39.9844495,
                116.3102652
            ],
            [
                39.9845798,
                116.3159262
            ],
            [
                39.9847369,
                116.321115
            ],
            [
                39.9846313,
                116.3177089
            ],
            [
                39.9845326,
                116.3139821
            ],
            [
                39.9844557,
                116.3104625
            ]
        ]
    },
    "北四环中路": {
        "description": "北四环中路：双向畅通；西向东,从健翔桥到北辰桥拥堵。",
        "speed": 24.48,
        "node_coo": [
            [
                39.9851261,
                116.3416116
            ],
            [
                39.9856054,
                116.3442196
            ],
            [
                39.9850134,
                116.3385813
            ],
            [
                39.9852441,
                116.3334491
            ],
            [
                39.9854735,
                116.3389635
            ],
            [
                39.9851858,
                116.342638
            ],
            [
                39.9855531,
                116.3423679
            ],
            [
                39.9854315,
                116.3381199
            ],
            [
                39.9852662,
                116.3470154
            ],
            [
                39.985711,
                116.3469819
            ],
            [
                39.9857271,
                116.3473717
            ],
            [
                39.9857184,
                116.3471719
            ],
            [
                39.9852171,
                116.3445204
            ]
        ]
    }
}